pair_key,pair_instance_index,theme_guess,pairing_method,eo_filename,ir_filename,eo_duration_seconds,ir_duration_seconds,duration_delta_seconds,eo_fps,ir_fps,eo_frame_count,ir_frame_count,eo_resolution,ir_resolution,eo_path,ir_path,eo_file_size_bytes,ir_file_size_bytes,eo_bitrate_mbps,ir_bitrate_mbps,eo_duration_source,ir_duration_source,eo_metadata_error,ir_metadata_error
5th wheel,1,5th Wheel,exact,5th.Wheel_EO.ts,5th.Wheel_IR.ts,96.68,97.447,0.767,59.94,59.94,5795,5841,1280x720,1280x720,/media/storage/raw/maritime/5th.Wheel_EO.ts,/media/storage/raw/maritime/5th.Wheel_IR.ts,107920272,108788644,8.93,8.931,header,header,,
air canada airliner,1,Air Canada Airliner,exact,Air_Canada_Airliner_EO.ts,Air_Canada_Airliner_IR.ts,165.515,170.537,5.022,59.94,59.94,9921,10222,1280x720,1280x720,/media/storage/raw/maritime/Air_Canada_Airliner_EO.ts,/media/storage/raw/maritime/Air_Canada_Airliner_IR.ts,191781056,191376668,9.27,8.978,grab_count,header,,
airplane,1,Airplane,exact,Airplane_EO.ts,Airplane_IR.ts,138.972,136.47,2.502,59.94,59.94,8330,8180,1280x720,1280x720,/media/storage/raw/maritime/Airplane_EO.ts,/media/storage/raw/maritime/Airplane_IR.ts,156066884,153006056,8.984,8.969,header,header,,
automobile,1,Automobile,exact,Automobile_EO.ts,Automobile_IR.ts,97.814,94.911,2.903,59.94,59.94,5863,5689,1280x720,1280x720,/media/storage/raw/maritime/Automobile_EO.ts,/media/storage/raw/maritime/Automobile_IR.ts,108493860,106536968,8.873,8.98,header,grab_count,,
cargo ship horizon,1,Cargo Ship Horizon,exact,Cargo.Ship_Horizon_EO.ts,Cargo.Ship_Horizon_IR.ts,258.775,257.157,1.618,59.94,59.94,15511,15414,1280x720,1280x720,/media/storage/raw/maritime/Cargo.Ship_Horizon_EO.ts,/media/storage/raw/maritime/Cargo.Ship_Horizon_IR.ts,289242512,287646580,8.942,8.949,header,header,,
cargo truck,1,Cargo Truck,exact,Cargo.Truck_EO.ts,Cargo.Truck_IR.ts,113.28,113.397,0.117,59.94,59.94,6790,6797,1280x720,1280x720,/media/storage/raw/maritime/Cargo.Truck_EO.ts,/media/storage/raw/maritime/Cargo.Truck_IR.ts,126194060,126142172,8.912,8.899,header,header,,
cargo truck 2,1,Cargo Truck 2,exact,Cargo.Truck.2_EO.ts,Cargo.Truck.2_IR.ts,91.642,89.923,1.718,59.94,59.94,5493,5390,1280x720,1280x720,/media/storage/raw/maritime/Cargo.Truck.2_EO.ts,/media/storage/raw/maritime/Cargo.Truck.2_IR.ts,101989436,100022956,8.903,8.899,header,header,,
container ship,1,Container Ship,exact,Container.Ship_EO.ts,Container.Ship_IR.ts,392.225,114.865,277.36,59.94,59.94,23510,6885,1280x720,1280x720,/media/storage/raw/maritime/Container.Ship_EO.ts,/media/storage/raw/maritime/Container.Ship_IR.ts,100745216,128683180,2.055,8.962,header,grab_count,,
covered boat,1,Covered Boat,exact,Covered.Boat_EO.ts,Covered.Boat_IR.ts,59.977,52.302,7.674,59.94,59.94,3595,3135,1280x720,1280x720,/media/storage/raw/maritime/Covered.Boat_EO.ts,/media/storage/raw/maritime/Covered.Boat_IR.ts,66174976,58933248,8.827,9.014,header,grab_count,,
docked ferry 1,1,Docked Ferry 1,exact,Docked_Ferry.1_EO.ts,Docked Ferry.1_IR.ts,199.866,199.666,0.2,59.94,59.94,11980,11968,1280x720,1280x720,/media/storage/raw/maritime/Docked_Ferry.1_EO.ts,/media/storage/raw/maritime/Docked Ferry.1_IR.ts,223460560,223468456,8.944,8.954,header,header,,
docked ferry 2,1,Docked Ferry 2,exact,Docked Ferry.2_EO.ts,Docked Ferry.2_IR.ts,134.551,134.568,0.017,59.94,59.94,8065,8066,1280x720,1280x720,/media/storage/raw/maritime/Docked Ferry.2_EO.ts,/media/storage/raw/maritime/Docked Ferry.2_IR.ts,150354692,150503964,8.94,8.947,header,header,,
ferry,1,Ferry,exact,Ferry_EO.ts,Ferry_IR.ts,93.21,88.639,4.571,59.94,59.94,5587,5313,1280x720,1280x720,/media/storage/raw/maritime/Ferry_EO.ts,/media/storage/raw/maritime/Ferry_IR.ts,103776376,98901912,8.907,8.926,header,header,,
ferry 2,1,Ferry 2,exact,Ferry.2_EO.ts,Ferry.2_IR.ts,156.89,151.568,5.322,59.94,59.94,9404,9085,1280x720,1280x720,/media/storage/raw/maritime/Ferry.2_EO.ts,/media/storage/raw/maritime/Ferry.2_IR.ts,174428656,168667772,8.894,8.903,header,header,,
ferry under way,1,Ferry Under Way,exact,Ferry_Under_Way_EO.ts,Ferry_Under_way_IR.ts,83.784,83.617,0.167,59.94,59.94,5022,5012,1280x720,1280x720,/media/storage/raw/maritime/Ferry_Under_Way_EO.ts,/media/storage/raw/maritime/Ferry_Under_way_IR.ts,93209460,93458184,8.9,8.942,header,header,,
ferry under way 2,1,Ferry Under Way 2,exact,Ferry Under Way.2_EO.ts,Ferry Under Way.2_IR.ts,95.195,95.295,0.1,59.94,59.94,5706,5712,1280x720,1280x720,/media/storage/raw/maritime/Ferry Under Way.2_EO.ts,/media/storage/raw/maritime/Ferry Under Way.2_IR.ts,106261172,106433756,8.93,8.935,header,header,,
ferry v1,1,Ferry V1,exact,Ferry_v1_EO.ts,Ferry_v1_IR.ts,115.866,116.002,0.136,59.94,0.776,6945,90,1280x720,1280x720,/media/storage/raw/maritime/Ferry_v1_EO.ts,/media/storage/raw/maritime/Ferry_v1_IR.ts,129152804,129237404,8.917,8.913,header,header,,
fishing boat,1,Fishing Boat,exact,Fishing.Boat_EO.ts,Fishing.Boat_IR.ts,110.877,111.328,0.45,59.94,59.94,6646,6673,1280x720,1280x720,/media/storage/raw/maritime/Fishing.Boat_EO.ts,/media/storage/raw/maritime/Fishing.Boat_IR.ts,123714528,124133016,8.926,8.92,header,header,,
fishing boat 2,1,Fishing Boat 2,exact,Fishing.Boat.2_EO.ts,Fishing.Boat.2_IR.ts,83.383,78.078,5.305,59.94,59.94,4998,4680,1280x720,1280x720,/media/storage/raw/maritime/Fishing.Boat.2_EO.ts,/media/storage/raw/maritime/Fishing.Boat.2_IR.ts,92684288,87179264,8.892,8.933,header,header,,
fishing boat 3,1,Fishing Boat 3,exact,Fishing.boat-3_EO.ts,Fishing.boat-3_IR.ts,127.511,127.077,0.434,59.94,59.94,7643,7617,1280x720,1280x720,/media/storage/raw/maritime/Fishing.boat-3_EO.ts,/media/storage/raw/maritime/Fishing.boat-3_IR.ts,142644812,142220872,8.95,8.953,header,header,,
flatbead,1,Flatbead,exact,Flatbead_EO.ts,Flatbead_IR.ts,114.164,112.529,1.635,59.94,59.94,6843,6745,1280x720,1280x720,/media/storage/raw/maritime/Flatbead_EO.ts,/media/storage/raw/maritime/Flatbead_IR.ts,127161884,125441684,8.911,8.918,header,header,,
freighter 3000,1,Freighter 3000,exact,Freighter_EO_3000.ts,Freighter_IR_3000.ts,192.0,194.861,2.861,0.167,59.94,32,11680,1280x720,1280x720,/media/storage/raw/maritime/Freighter_EO_3000.ts,/media/storage/raw/maritime/Freighter_IR_3000.ts,217569768,217552096,9.065,8.932,header,header,,
garbage truck,1,Garbage Truck,exact,Garbage.Truck_EO.ts,Garbage.Truck_IR.ts,120.871,120.804,0.067,59.94,59.94,7245,7241,1280x720,1280x720,/media/storage/raw/maritime/Garbage.Truck_EO.ts,/media/storage/raw/maritime/Garbage.Truck_IR.ts,134856348,134735464,8.926,8.923,header,header,,
helicopter,1,Helicopter,exact,Helicopter_EO.ts,Helicopter_IR.ts,109.126,108.842,0.284,59.94,59.94,6541,6524,1280x720,1280x720,/media/storage/raw/maritime/Helicopter_EO.ts,/media/storage/raw/maritime/Helicopter_IR.ts,122345136,122059940,8.969,8.972,header,header,,
houseboat,1,Houseboat,exact,Houseboat_EO.ts,Houseboat_IR.ts,95.212,95.395,0.184,59.94,59.94,5707,5718,1280x720,1280x720,/media/storage/raw/maritime/Houseboat_EO.ts,/media/storage/raw/maritime/Houseboat_IR.ts,106375100,106592616,8.938,8.939,header,header,,
large airplane,1,Large Airplane,exact,Large Airplane_EO.ts,Large Airplane_IR.ts,145.746,144.328,1.418,59.94,59.94,8736,8651,1280x720,1280x720,/media/storage/raw/maritime/Large Airplane_EO.ts,/media/storage/raw/maritime/Large Airplane_IR.ts,163346996,161582428,8.966,8.956,header,header,,
logging truck,1,Logging Truck,exact,Logging.Truck_EO.ts,Logging.Truck_IR.ts,95.712,91.525,4.188,59.94,59.94,5737,5486,1280x720,1280x720,/media/storage/raw/maritime/Logging.Truck_EO.ts,/media/storage/raw/maritime/Logging.Truck_IR.ts,106741136,102167284,8.922,8.93,header,header,,
parked car,1,Parked Car,exact,Parked.Car_EO.ts,Parked.Car_IR.ts,79.079,78.662,0.417,59.94,59.94,4740,4715,1280x720,1280x720,/media/storage/raw/maritime/Parked.Car_EO.ts,/media/storage/raw/maritime/Parked.Car_IR.ts,88543300,87945084,8.957,8.944,header,header,,
parked car,2,Parked Car,exact,Parked.car_EO.ts,Parked.car_IR.ts,89.423,86.303,3.12,59.94,59.94,5360,5173,1280x720,1280x720,/media/storage/raw/maritime/Parked.car_EO.ts,/media/storage/raw/maritime/Parked.car_IR.ts,99708620,96284576,8.92,8.925,header,header,,
passenger bus,1,Passenger Bus,exact,Passenger.Bus_EO.ts,Passenger.Bus_IR.ts,98.198,98.282,0.083,59.94,59.94,5886,5891,1280x720,1280x720,/media/storage/raw/maritime/Passenger.Bus_EO.ts,/media/storage/raw/maritime/Passenger.Bus_IR.ts,109361292,109964772,8.909,8.951,header,header,,
power boat,1,Power Boat,exact,Power.Boat_EO.ts,Power.Boat_IR.ts,171.555,168.368,3.187,59.94,59.94,10283,10092,1280x720,1280x720,/media/storage/raw/maritime/Power.Boat_EO.ts,/media/storage/raw/maritime/Power.Boat_IR.ts,192330016,188469812,8.969,8.955,header,header,,
rcn ships 1,1,Rcn Ships 1,exact,RCN.Ships.1_EO.ts,RCN.Ships.1_IR.ts,171.204,168.118,3.086,59.94,59.94,10262,10077,1280x720,1280x720,/media/storage/raw/maritime/RCN.Ships.1_EO.ts,/media/storage/raw/maritime/RCN.Ships.1_IR.ts,191055376,187698448,8.928,8.932,header,header,,
rcn ships 2,1,Rcn Ships 2,exact,RCN.Ships.2_EO.ts,RCN.Ships.2_IR.ts,94.845,90.157,4.688,59.94,59.94,5685,5404,1280x720,1280x720,/media/storage/raw/maritime/RCN.Ships.2_EO.ts,/media/storage/raw/maritime/RCN.Ships.2_IR.ts,105690780,100537700,8.915,8.921,header,header,,
sailboat,1,Sailboat,exact,Sailboat_EO.ts,Sailboat_IR.ts,137.387,135.302,2.085,59.94,59.94,8235,8110,1280x720,1280x720,/media/storage/raw/maritime/Sailboat_EO.ts,/media/storage/raw/maritime/Sailboat_IR.ts,153299524,150797244,8.927,8.916,header,header,,
sailboat 2,1,Sailboat 2,exact,Sailboat.2_EO.ts,Sailboat.2_IR.ts,88.889,88.789,0.1,59.94,59.94,5328,5322,1280x720,1280x720,/media/storage/raw/maritime/Sailboat.2_EO.ts,/media/storage/raw/maritime/Sailboat.2_IR.ts,99301600,99409324,8.937,8.957,header,header,,
sailboat 3,1,Sailboat 3,exact,Sailboat.3_EO.ts,Sailboat.3_IR.ts,84.585,85.152,0.567,59.94,59.94,5070,5104,1280x720,1280x720,/media/storage/raw/maritime/Sailboat.3_EO.ts,/media/storage/raw/maritime/Sailboat.3_IR.ts,94570580,95016328,8.944,8.927,header,header,,
sailboat 4,1,Sailboat 4,exact,Sailboat.4_EO.ts,Sailboat.4_IR.ts,94.845,95.095,0.25,59.94,59.94,5685,5700,1280x720,1280x720,/media/storage/raw/maritime/Sailboat.4_EO.ts,/media/storage/raw/maritime/Sailboat.4_IR.ts,105956048,106215112,8.937,8.935,header,header,,
salt barg,1,Salt Barg,exact,Salt.Barg_EO.ts,Salt.Barg_IR.ts,104.955,97.531,7.424,59.94,59.94,6291,5846,1280x720,1280x720,/media/storage/raw/maritime/Salt.Barg_EO.ts,/media/storage/raw/maritime/Salt.Barg_IR.ts,117506048,109182976,8.957,8.956,header,header,,
sea plane,1,Sea Plane,exact,Sea.Plane_EO.ts,Sea.Plane_IR.ts,89.99,204.404,114.414,59.94,59.94,5394,12252,1280x720,1280x720,/media/storage/raw/maritime/Sea.Plane_EO.ts,/media/storage/raw/maritime/Sea.Plane_IR.ts,100712448,100696064,8.953,3.941,header,header,,
small aircraft,1,Small Aircraft,exact,Small Aircraft_EO.ts,Small Aircraft_IR.ts,70.387,66.883,3.504,59.94,59.94,4219,4009,1280x720,1280x720,/media/storage/raw/maritime/Small Aircraft_EO.ts,/media/storage/raw/maritime/Small Aircraft_IR.ts,78774444,75113708,8.953,8.984,header,header,,
small airplane,1,Small Airplane,exact,Small.Airplane_EO.ts,Small.Airplane_IR.ts,110.844,110.227,0.617,59.94,59.94,6644,6607,1280x720,1280x720,/media/storage/raw/maritime/Small.Airplane_EO.ts,/media/storage/raw/maritime/Small.Airplane_IR.ts,124096920,123222156,8.957,8.943,header,header,,
small airplane 2,1,Small Airplane 2,exact,Small.Airplane.2_EO.ts,Small.Airplane.2_IR.ts,101.618,102.219,0.601,59.94,59.94,6091,6127,1280x720,1280x720,/media/storage/raw/maritime/Small.Airplane.2_EO.ts,/media/storage/raw/maritime/Small.Airplane.2_IR.ts,113925744,114407776,8.969,8.954,header,header,,
suv w trailer,1,Suv W Trailer,exact,SUV.W.Trailer_EO.ts,SUV.W.Trailer_IR.ts,96.179,94.361,1.818,59.94,59.94,5765,5656,1280x720,1280x720,/media/storage/raw/maritime/SUV.W.Trailer_EO.ts,/media/storage/raw/maritime/SUV.W.Trailer_IR.ts,107207564,105179608,8.917,8.917,header,header,,
tanker,1,Tanker,exact,Tanker_EO.ts,Tanker_IR.ts,126.693,118.385,8.308,59.94,59.94,7594,7096,1280x720,1280x720,/media/storage/raw/maritime/Tanker_EO.ts,/media/storage/raw/maritime/Tanker_IR.ts,141168072,131967164,8.914,8.918,header,header,,
tanker horizon,1,Tanker Horizon,exact,Tanker_Horizon_EO.ts,Tanker_Horizon_IR.ts,254.387,254.387,0.0,59.94,59.94,15248,15248,1280x720,1280x720,/media/storage/raw/maritime/Tanker_Horizon_EO.ts,/media/storage/raw/maritime/Tanker_Horizon_IR.ts,283109952,283171804,8.903,8.905,header,header,,
terasense red boat,1,Terasense Red Boat,exact,TeraSense.Red.Boat_EO.ts,TeraSense.Red.Boat_IR.ts,522.706,522.822,0.117,59.94,59.94,31331,31338,1280x720,1280x720,/media/storage/raw/maritime/TeraSense.Red.Boat_EO.ts,/media/storage/raw/maritime/TeraSense.Red.Boat_IR.ts,584554040,584540316,8.947,8.944,header,header,,
terasense truck,1,Terasense Truck,exact,TeraSense.Truck_EO.ts,TeraSense.Truck_IR.ts,160.26,161.261,1.001,59.94,59.94,9606,9666,1280x720,1280x720,/media/storage/raw/maritime/TeraSense.Truck_EO.ts,/media/storage/raw/maritime/TeraSense.Truck_IR.ts,179557672,180837576,8.963,8.971,header,header,,
tug w barges,1,Tug W Barges,exact,Tug.W.Barges_EO.ts,Tub.W.Barges_IR.ts,152.436,148.482,3.954,59.94,59.94,9137,8900,1280x720,1280x720,/media/storage/raw/maritime/Tug.W.Barges_EO.ts,/media/storage/raw/maritime/Tub.W.Barges_IR.ts,170702872,166342588,8.959,8.962,header,header,,
utility van,1,Utility Van,exact,Utility.Van_EO.ts,Utility.Van_IR.ts,94.311,93.86,0.45,59.94,59.94,5653,5626,1280x720,1280x720,/media/storage/raw/maritime/Utility.Van_EO.ts,/media/storage/raw/maritime/Utility.Van_IR.ts,105288460,104810376,8.931,8.933,header,header,,
yachts,1,Yachts,exact,Yachts_EO.ts,Yachts_IR.ts,104.605,102.202,2.402,59.94,59.94,6270,6126,1280x720,1280x720,/media/storage/raw/maritime/Yachts_EO.ts,/media/storage/raw/maritime/Yachts_IR.ts,116442876,113907884,8.905,8.916,header,header,,
